"""ID""","""??""","""??""","""Values1""","""Values2""","""Values3""","""Values4""","""Values5""","""Values6""","""Values7""","""Values8""","""Values9""","""Values10""","""Values11""","""Values12""","""Values13""","""Values14""","""Values15""","""Values16""","""Values17""","""Values18""","""Values19""","""Values20""","""Values21""","""Values22""","""Values23""","""Values24""","""Values25""","""Values26""","""Values27""","""Values28""","""Values29""","""Values30"""
#desc,,,base,AtkSpeed/weapon only,CTR/Amulate ring,"CTD/Ring,Amulate",MoveSpeed/Shoesonly,"EleEnhance/Weapon,Torso,Shoes",EleResit,EquipImpact,GemPhyEnhance,GemEleEnhance,GemImpact,FivePhyEnhance,FiveEleEnhance,stageLevelTimes,stageMonCnt,gemLvUpCost,elementDrop,element core enhance,Soul Level Exp,single gold,GemDropRate,WXDropRate,WXCoreQ1DropRate,WXCoreQ2DropRate,WXCoreQ3DropRate,WXCoreQ4DropRate,WXCoreQ5DropRate,,,
1,,,21,500,500,500,500,500,500,1,0,0,0,0,0,8000,94,2,0,0,10,10,0,0,0,0,0,0,0,0,0,0
2,,,22,500,500,500,500,500,500,1,0,0,0,0,0,8000,101,2,0,0,10,16,0,0,0,0,0,0,0,0,0,0
3,,,23,500,500,500,500,500,500,1,0,0,0,0,0,8000,104,2,0,0,10,23,0,0,0,0,0,0,0,0,0,0
4,,,24,500,500,500,500,500,500,1,0,0,0,0,0,8000,107,2,0,0,10,32,0,0,0,0,0,0,0,0,0,0
5,,,25,500,500,500,500,500,500,1,0,0,0,0,0,9000,108,2,0,0,10,42,0,0,0,0,0,0,0,0,0,0
6,,,26,600,600,600,600,600,600,1,0,0,0,0,0,9000,108,2,0,0,10,54,0,0,0,0,0,0,0,0,0,0
7,,,27,600,600,600,600,600,600,1,0,0,0,0,0,9000,108,2,0,0,10,67,0,0,0,0,0,0,0,0,0,0
8,,,28,600,600,600,600,600,600,1,0,0,0,0,0,10000,113,2,0,0,10,82,0,0,0,0,0,0,0,0,0,0
9,,,29,600,600,600,600,600,600,1,0,0,0,0,0,10000,114,2,0,0,10,98,0,0,0,0,0,0,0,0,0,0
10,,,30,600,600,600,600,600,600,1,1000,1000,0,0,0,10000,115,2,0,0,15,116,0,0,0,0,0,0,0,0,0,0
11,,,31,700,700,700,700,700,700,1,1000,1000,0,0,0,12000,116,2,0,0,15,135,100,0,0,0,0,0,0,0,0,0
12,,,32,700,700,700,700,700,700,1,1000,1000,0,0,0,12000,116,4,0,0,15,156,100,0,0,0,0,0,0,0,0,0
13,,,33,700,700,700,700,700,700,1,1000,1000,0,0,0,12000,118,4,0,0,15,178,100,0,0,0,0,0,0,0,0,0
14,,,34,700,700,700,700,700,700,1,1000,1000,0,0,0,12000,120,4,0,0,15,202,100,0,0,0,0,0,0,0,0,0
15,,,35,700,700,700,700,700,700,1,1100,1100,0,0,0,14000,122,4,0,0,15,227,100,0,0,0,0,0,0,0,0,0
16,,,36,800,800,800,800,800,800,1,1100,1100,0,0,0,14000,122,4,0,0,15,254,100,0,0,0,0,0,0,0,0,0
17,,,37,800,800,800,800,800,800,1,1100,1100,0,0,0,14000,122,4,0,0,15,282,100,0,0,0,0,0,0,0,0,0
18,,,38,800,800,800,800,800,800,1,1100,1100,0,0,0,14000,129,4,0,0,15,312,100,0,0,0,0,0,0,0,0,0
19,,,39,800,800,800,800,800,800,1,1100,1100,0,0,0,14000,136,4,0,0,15,343,100,0,0,0,0,0,0,0,0,0
20,,,40,800,800,800,800,800,800,1,1200,1200,0,0,0,16000,198,4,0,1000,15,376,100,0,0,0,0,0,0,0,0,0
21,,,42,900,900,900,900,900,900,1,1200,1200,0,0,0,16000,295,4,1,1000,20,410,100,100,0,0,0,0,0,0,0,0
22,,,44,900,900,900,900,900,900,1,1200,1200,0,0,0,16000,295,4,1,1000,20,446,100,100,0,0,0,0,0,0,0,0
23,,,46,900,900,900,900,900,900,1,1200,1200,0,0,0,16000,295,4,1,1000,20,483,100,100,0,0,0,0,0,0,0,0
24,,,48,900,900,900,900,900,900,1,1200,1200,0,0,0,16000,295,4,1,1000,20,522,100,100,0,0,0,0,0,0,0,0
25,,,50,900,900,900,900,900,900,1,1300,1300,1,1000,1000,16000,295,4,1,1100,20,562,100,100,100,0,0,0,0,0,0,0
26,,,52,1000,1000,1000,1000,1000,1000,1,1300,1300,1,1000,1000,16000,295,4,1,1100,20,604,100,100,100,0,0,0,0,0,0,0
27,,,54,1000,1000,1000,1000,1000,1000,1,1300,1300,1,1000,1000,16000,295,4,1,1100,20,647,100,100,100,0,0,0,0,0,0,0
28,,,56,1000,1000,1000,1000,1000,1000,1,1300,1300,1,1000,1000,18000,295,4,1,1100,20,692,100,100,100,0,0,0,0,0,0,0
29,,,58,1000,1000,1000,1000,1000,1000,1,1300,1300,1,1000,1000,18000,295,4,1,1100,20,738,100,100,100,0,0,0,0,0,0,0
30,,,60,1000,1000,1000,1000,1000,1000,1,1400,1400,1,1100,1100,18000,295,4,1,1200,20,786,100,100,40,60,0,0,0,0,0,0
31,,,62,1100,1100,1100,1100,1100,1100,1,1400,1400,1,1100,1100,18000,295,4,2,1200,25,835,100,100,40,60,0,0,0,0,0,0
32,,,64,1100,1100,1100,1100,1100,1100,1,1400,1400,1,1100,1100,18000,295,4,2,1200,25,886,100,100,40,60,0,0,0,0,0,0
33,,,66,1100,1100,1100,1100,1100,1100,1,1400,1400,1,1100,1100,18000,295,4,2,1200,25,938,100,100,40,60,0,0,0,0,0,0
34,,,68,1100,1100,1100,1100,1100,1100,1,1400,1400,1,1100,1100,18000,295,4,2,1200,25,992,100,100,40,60,0,0,0,0,0,0
35,,,70,1100,1100,1100,1100,1100,1100,1,1500,1500,1,1200,1200,20000,295,4,2,1300,25,1047,100,100,30,30,40,0,0,0,0,0
36,,,72,1200,1200,1200,1200,1200,1200,1,1500,1500,1,1200,1200,20000,295,4,2,1300,25,1104,100,100,30,30,40,0,0,0,0,0
37,,,74,1200,1200,1200,1200,1200,1200,1,1500,1500,1,1200,1200,20000,295,4,2,1300,25,1162,100,100,30,30,40,0,0,0,0,0
38,,,76,1200,1200,1200,1200,1200,1200,1,1500,1500,1,1200,1200,20000,295,4,2,1300,25,1222,100,100,30,30,40,0,0,0,0,0
39,,,78,1200,1200,1200,1200,1200,1200,1,1500,1500,1,1200,1200,20000,295,4,2,1300,25,1283,100,100,30,30,40,0,0,0,0,0
40,,,80,1200,1200,1200,1200,1200,1200,1,1600,1600,1,1300,1300,22000,295,4,2,1400,30,1346,100,100,20,20,30,30,0,0,0,0
41,,,84,1300,1300,1300,1300,1300,1300,2,1600,1600,1,1300,1300,22000,295,4,2,1400,30,1410,100,100,20,20,30,30,0,0,0,0
42,,,88,1300,1300,1300,1300,1300,1300,2,1600,1600,1,1300,1300,22000,295,4,2,1400,30,1476,100,100,20,20,30,30,0,0,0,0
43,,,92,1300,1300,1300,1300,1300,1300,2,1600,1600,1,1300,1300,22000,295,4,2,1400,30,1543,100,100,20,20,30,30,0,0,0,0
44,,,96,1300,1300,1300,1300,1300,1300,2,1600,1600,1,1300,1300,22000,295,4,2,1400,30,1612,100,100,20,20,30,30,0,0,0,0
45,,,100,1300,1300,1300,1300,1300,1300,2,1700,1700,2,1400,1400,25000,295,4,2,1500,30,1682,100,100,20,20,20,20,20,0,0,0
46,,,104,1400,1400,1400,1400,1400,1400,2,1700,1700,2,1400,1400,25000,295,4,2,1500,30,1754,100,100,20,20,20,20,20,0,0,0
47,,,108,1400,1400,1400,1400,1400,1400,2,1700,1700,2,1400,1400,25000,295,4,2,1500,30,1827,100,100,20,20,20,20,20,0,0,0
48,,,112,1400,1400,1400,1400,1400,1400,2,1700,1700,2,1400,1400,25000,295,4,2,1500,30,1902,100,100,20,20,20,20,20,0,0,0
49,,,116,1400,1400,1400,1400,1400,1400,2,1700,1700,2,1400,1400,25000,295,4,2,1500,30,1978,100,100,20,20,20,20,20,0,0,0
50,,,120,1400,1400,1400,1400,1400,1400,2,1800,1800,2,1500,1500,25000,295,4,2,1600,30,2056,100,100,10,20,25,25,20,0,0,0
51,,,124,1500,1500,1500,1500,1500,1500,2,1800,1800,2,1500,1500,25000,295,4,2,1600,30,2000,100,100,10,20,25,25,20,0,0,0
52,,,128,1500,1500,1500,1500,1500,1500,2,1800,1800,2,1500,1500,25000,295,4,2,1600,30,2000,100,100,10,20,25,25,20,0,0,0
53,,,132,1500,1500,1500,1500,1500,1500,2,1800,1800,2,1500,1500,25000,295,4,2,1600,30,2000,100,100,10,20,25,25,20,0,0,0
54,,,136,1500,1500,1500,1500,1500,1500,2,1800,1800,2,1500,1500,25000,295,4,2,1600,30,2000,100,100,10,20,25,25,20,0,0,0
55,,,140,1500,1500,1500,1500,1500,1500,2,1900,1900,2,1600,1600,25000,295,4,2,1700,30,2000,100,100,5,20,20,25,30,0,0,0
56,,,144,1600,1600,1600,1600,1600,1600,2,1900,1900,2,1600,1600,25000,295,4,2,1700,30,2000,100,100,5,20,20,25,30,0,0,0
57,,,148,1600,1600,1600,1600,1600,1600,2,1900,1900,2,1600,1600,25000,295,4,2,1700,30,2000,100,100,5,20,20,25,30,0,0,0
58,,,152,1600,1600,1600,1600,1600,1600,2,1900,1900,2,1600,1600,25000,295,4,2,1700,30,2000,100,100,5,20,20,25,30,0,0,0
59,,,156,1600,1600,1600,1600,1600,1600,2,1900,1900,2,1600,1600,25000,295,4,2,1700,30,2000,100,100,5,20,20,25,30,0,0,0
60,,,160,1600,1600,1600,1600,1600,1600,2,2000,2000,2,1700,1700,25000,295,4,2,1800,30,2000,100,100,0,15,20,30,35,0,0,0
61,,,168,1700,1700,1700,1700,1700,1700,3,2000,2000,2,1700,1700,25000,295,4,2,1800,30,2000,100,100,0,15,20,30,35,0,0,0
62,,,176,1700,1700,1700,1700,1700,1700,3,2000,2000,2,1700,1700,25000,295,4,2,1800,30,2000,100,100,0,15,20,30,35,0,0,0
63,,,184,1700,1700,1700,1700,1700,1700,3,2000,2000,2,1700,1700,25000,295,4,2,1800,30,2000,100,100,0,15,20,30,35,0,0,0
64,,,192,1700,1700,1700,1700,1700,1700,3,2000,2000,2,1700,1700,25000,295,4,2,1800,30,2000,100,100,0,15,20,30,35,0,0,0
65,,,200,1700,1700,1700,1700,1700,1700,3,2100,2100,3,1800,1800,25000,295,4,2,1900,30,2000,100,100,0,10,20,35,35,0,0,0
66,,,208,1800,1800,1800,1800,1800,1800,3,2100,2100,3,1800,1800,25000,295,4,2,1900,30,2000,100,100,0,10,20,35,35,0,0,0
67,,,216,1800,1800,1800,1800,1800,1800,3,2100,2100,3,1800,1800,25000,295,4,2,1900,30,2000,100,100,0,10,20,35,35,0,0,0
68,,,224,1800,1800,1800,1800,1800,1800,3,2100,2100,3,1800,1800,25000,295,4,2,1900,30,2000,100,100,0,10,20,35,35,0,0,0
69,,,232,1800,1800,1800,1800,1800,1800,3,2100,2100,3,1800,1800,25000,295,4,2,1900,30,2000,100,100,0,10,20,35,35,0,0,0
70,,,240,1800,1800,1800,1800,1800,1800,3,2200,2200,3,1900,1900,25000,295,4,2,2000,30,2000,100,100,0,5,20,35,40,0,0,0
71,,,248,1900,1900,1900,1900,1900,1900,3,2200,2200,3,1900,1900,25000,295,4,2,2000,30,2000,100,100,0,5,20,35,40,0,0,0
72,,,256,1900,1900,1900,1900,1900,1900,3,2200,2200,3,1900,1900,25000,295,4,2,2000,30,2000,100,100,0,5,20,35,40,0,0,0
73,,,264,1900,1900,1900,1900,1900,1900,3,2200,2200,3,1900,1900,25000,295,4,2,2000,30,2000,100,100,0,5,20,35,40,0,0,0
74,,,272,1900,1900,1900,1900,1900,1900,3,2200,2200,3,1900,1900,25000,295,4,2,2000,30,2000,100,100,0,5,20,35,40,0,0,0
75,,,280,1900,1900,1900,1900,1900,1900,3,2300,2300,3,2000,2000,25000,295,4,2,2100,30,2000,100,100,0,0,15,35,45,0,0,0
76,,,288,2000,2000,2000,2000,2000,2000,3,2300,2300,3,2000,2000,25000,295,4,2,2100,30,2000,100,100,0,0,15,35,45,0,0,0
77,,,296,2000,2000,2000,2000,2000,2000,3,2300,2300,3,2000,2000,25000,295,4,2,2100,30,2000,100,100,0,0,15,35,45,0,0,0
78,,,304,2000,2000,2000,2000,2000,2000,3,2300,2300,3,2000,2000,25000,295,4,2,2100,30,2000,100,100,0,0,15,35,45,0,0,0
79,,,312,2000,2000,2000,2000,2000,2000,3,2300,2300,3,2000,2000,25000,295,4,2,2100,30,2000,100,100,0,0,15,35,45,0,0,0
80,,,320,2000,2000,2000,2000,2000,2000,4,2400,2400,3,2100,2100,25000,295,4,2,2200,30,2000,100,100,0,0,15,35,45,0,0,0
81,,,336,2000,2000,2000,2000,2000,2000,4,2400,2400,3,2100,2100,25000,295,4,2,2200,30,2000,100,100,0,0,15,35,45,0,0,0
82,,,352,2000,2000,2000,2000,2000,2000,4,2400,2400,3,2100,2100,25000,295,4,2,2200,30,2000,100,100,0,0,15,35,45,0,0,0
83,,,368,2000,2000,2000,2000,2000,2000,4,2400,2400,3,2100,2100,25000,295,4,2,2200,30,2000,100,100,0,0,15,35,45,0,0,0
84,,,384,2000,2000,2000,2000,2000,2000,4,2400,2400,4,2100,2100,25000,295,4,2,2200,30,2000,100,100,0,0,15,35,45,0,0,0
85,,,400,2000,2000,2000,2000,2000,2000,4,2500,2500,4,2200,2200,25000,295,4,2,2300,30,2000,100,100,0,0,15,35,45,0,0,0
86,,,416,2000,2000,2000,2000,2000,2000,4,2500,2500,4,2200,2200,25000,295,4,2,2300,30,2000,100,100,0,0,15,35,45,0,0,0
87,,,432,2000,2000,2000,2000,2000,2000,4,2500,2500,4,2200,2200,25000,295,4,2,2300,30,2000,100,100,0,0,15,35,45,0,0,0
88,,,448,2000,2000,2000,2000,2000,2000,4,2500,2500,4,2200,2200,25000,295,4,2,2300,30,2000,100,100,0,0,15,35,45,0,0,0
89,,,464,2000,2000,2000,2000,2000,2000,4,2500,2500,4,2200,2200,25000,295,4,2,2300,30,2000,100,100,0,0,15,35,45,0,0,0
90,,,480,2000,2000,2000,2000,2000,2000,4,2500,2500,4,2300,2300,25000,295,4,2,2400,30,2000,100,100,0,0,15,35,45,0,0,0
91,,,496,2000,2000,2000,2000,2000,2000,4,2500,2500,4,2300,2300,25000,295,4,2,2400,30,2000,100,100,0,0,15,35,45,0,0,0
92,,,512,2000,2000,2000,2000,2000,2000,4,2500,2500,4,2300,2300,25000,295,4,2,2400,30,2000,100,100,0,0,15,35,45,0,0,0
93,,,528,2000,2000,2000,2000,2000,2000,4,2500,2500,4,2300,2300,25000,295,4,2,2400,30,2000,100,100,0,0,15,35,45,0,0,0
94,,,544,2000,2000,2000,2000,2000,2000,4,2500,2500,4,2300,2300,25000,295,4,2,2400,30,2000,100,100,0,0,15,35,45,0,0,0
95,,,560,2000,2000,2000,2000,2000,2000,4,2500,2500,4,2400,2400,25000,295,4,2,2500,30,2000,100,100,0,0,15,35,45,0,0,0
96,,,576,2000,2500,2500,2000,2500,2500,4,2500,2500,4,2400,2400,25000,295,4,2,2500,30,2000,100,100,0,0,15,35,45,0,0,0
97,,,592,2000,2500,2500,2000,2500,2500,4,2500,2500,4,2400,2400,25000,295,4,2,2500,30,2000,100,100,0,0,15,35,45,0,0,0
98,,,608,2000,2500,2500,2000,2500,2500,4,2500,2500,4,2400,2400,25000,295,4,2,2500,30,2000,100,100,0,0,15,35,45,0,0,0
99,,,624,2000,2500,2500,2000,2500,2500,4,2500,2500,4,2400,2400,25000,295,4,2,2500,30,2000,100,100,0,0,15,35,45,0,0,0
100,,,640,2000,2500,2500,2000,2500,2500,5,2500,2500,4,2500,2500,25000,295,4,2,2500,30,2000,100,100,0,0,15,35,45,0,0,0
101,,,672,2000,2500,2500,2000,2500,2500,5,2500,2500,4,2500,2500,25000,295,4,2,2500,30,2000,100,100,0,0,15,35,45,0,0,0
102,,,704,2000,2500,2500,2000,2500,2500,5,2500,2500,4,2500,2500,25000,295,4,2,2500,30,2000,100,100,0,0,15,35,45,0,0,0
103,,,736,2000,2500,2500,2000,2500,2500,5,2500,2500,4,2500,2500,25000,295,4,2,2500,30,2000,100,100,0,0,15,35,45,0,0,0
104,,,768,2000,2500,2500,2000,2500,2500,5,2500,2500,5,2500,2500,25000,295,4,2,2500,30,2000,100,100,0,0,15,35,45,0,0,0
105,,,800,2000,2500,2500,2000,2500,2500,5,2500,2500,5,2500,2500,25000,295,4,2,2500,30,2000,100,100,0,0,15,35,45,0,0,0
106,,,832,2000,2500,2500,2000,2500,2500,5,2500,2500,5,2500,2500,25000,295,4,2,2500,30,2000,100,100,0,0,15,35,45,0,0,0
107,,,864,2000,2500,2500,2000,2500,2500,5,2500,2500,5,2500,2500,25000,295,4,2,2500,30,2000,100,100,0,0,15,35,45,0,0,0
108,,,896,2000,2500,2500,2000,2500,2500,5,2500,2500,5,2500,2500,25000,295,4,2,2500,30,2000,100,100,0,0,15,35,45,0,0,0
109,,,928,2000,2500,2500,2000,2500,2500,5,2500,2500,5,2500,2500,25000,295,4,2,2500,30,2000,100,100,0,0,15,35,45,0,0,0
110,,,960,2000,2500,2500,2000,2500,2500,5,2500,2500,5,2500,2500,25000,295,4,2,2500,30,2000,100,100,0,0,15,35,45,0,0,0
111,,,992,2000,2500,2500,2000,2500,2500,5,2500,2500,5,2500,2500,25000,295,4,2,2500,30,2000,100,100,0,0,15,35,45,0,0,0
112,,,1024,2000,2500,2500,2000,2500,2500,5,2500,2500,5,2500,2500,25000,295,4,2,2500,30,2000,100,100,0,0,15,35,45,0,0,0
113,,,1056,2000,2500,2500,2000,2500,2500,5,2500,2500,5,2500,2500,25000,295,4,2,2500,30,2000,100,100,0,0,15,35,45,0,0,0
114,,,1088,2000,2500,2500,2000,2500,2500,5,2500,2500,5,2500,2500,25000,295,4,2,2500,30,2000,100,100,0,0,15,35,45,0,0,0
115,,,1120,2000,2500,2500,2000,2500,2500,5,2500,2500,5,2500,2500,25000,295,4,2,2500,30,2000,100,100,0,0,15,35,45,0,0,0
116,,,1152,2000,2500,2500,2000,2500,2500,5,2500,2500,5,2500,2500,25000,295,4,2,2500,30,2000,100,100,0,0,15,35,45,0,0,0
117,,,1184,2000,2500,2500,2000,2500,2500,5,2500,2500,5,2500,2500,25000,295,4,2,2500,30,2000,100,100,0,0,15,35,45,0,0,0
118,,,1216,2000,2500,2500,2000,2500,2500,5,2500,2500,5,2500,2500,25000,295,4,2,2500,30,2000,100,100,0,0,15,35,45,0,0,0
119,,,1248,2000,2500,2500,2000,2500,2500,5,2500,2500,5,2500,2500,25000,295,4,2,2500,30,2000,100,100,0,0,15,35,45,0,0,0
120,,,1280,2000,2500,2500,2000,2500,2500,5,2500,2500,5,2500,2500,25000,295,4,2,2500,30,2000,100,100,0,0,15,35,45,0,0,0
121,,,1344,2000,2500,2500,2000,2500,2500,5,2500,2500,5,2500,2500,25000,295,4,2,2500,30,2000,100,100,0,0,15,35,45,0,0,0
122,,,1408,2000,2500,2500,2000,2500,2500,5,2500,2500,5,2500,2500,25000,295,4,2,2500,30,2000,100,100,0,0,15,35,45,0,0,0
123,,,1472,2000,2500,2500,2000,2500,2500,5,2500,2500,5,2500,2500,25000,295,4,2,2500,30,2000,100,100,0,0,15,35,45,0,0,0
124,,,1536,2000,2500,2500,2000,2500,2500,5,2500,2500,5,2500,2500,25000,295,4,2,2500,30,2000,100,100,0,0,15,35,45,0,0,0
125,,,1600,2000,2500,2500,2000,2500,2500,5,2500,2500,5,2500,2500,25000,295,4,2,2500,30,2000,100,100,0,0,15,35,45,0,0,0
126,,,1664,2000,2500,2500,2000,2500,2500,5,2500,2500,5,2500,2500,25000,295,4,2,2500,30,2000,100,100,0,0,15,35,45,0,0,0
127,,,1728,2000,2500,2500,2000,2500,2500,5,2500,2500,5,2500,2500,25000,295,4,2,2500,30,2000,100,100,0,0,15,35,45,0,0,0
128,,,1792,2000,2500,2500,2000,2500,2500,5,2500,2500,5,2500,2500,25000,295,4,2,2500,30,2000,100,100,0,0,15,35,45,0,0,0
129,,,1856,2000,2500,2500,2000,2500,2500,5,2500,2500,5,2500,2500,25000,295,4,2,2500,30,2000,100,100,0,0,15,35,45,0,0,0
130,,,1920,2000,2500,2500,2000,2500,2500,5,2500,2500,5,2500,2500,25000,295,4,2,2500,30,2000,100,100,0,0,15,35,45,0,0,0
131,,,1984,2000,2500,2500,2000,2500,2500,5,2500,2500,5,2500,2500,25000,295,4,2,2500,30,2000,100,100,0,0,15,35,45,0,0,0
132,,,2048,2000,2500,2500,2000,2500,2500,5,2500,2500,5,2500,2500,25000,295,4,2,2500,30,2000,100,100,0,0,15,35,45,0,0,0
133,,,2112,2000,2500,2500,2000,2500,2500,5,2500,2500,5,2500,2500,25000,295,4,2,2500,30,2000,100,100,0,0,15,35,45,0,0,0
134,,,2176,2000,2500,2500,2000,2500,2500,5,2500,2500,5,2500,2500,25000,295,4,2,2500,30,2000,100,100,0,0,15,35,45,0,0,0
135,,,2240,2000,2500,2500,2000,2500,2500,5,2500,2500,5,2500,2500,25000,295,4,2,2500,30,2000,100,100,0,0,15,35,45,0,0,0
136,,,2304,2000,2500,2500,2000,2500,2500,5,2500,2500,5,2500,2500,25000,295,4,2,2500,30,2000,100,100,0,0,15,35,45,0,0,0
137,,,2368,2000,2500,2500,2000,2500,2500,5,2500,2500,5,2500,2500,25000,295,4,2,2500,30,2000,100,100,0,0,15,35,45,0,0,0
138,,,2432,2000,2500,2500,2000,2500,2500,5,2500,2500,5,2500,2500,25000,295,4,2,2500,30,2000,100,100,0,0,15,35,45,0,0,0
139,,,2496,2000,2500,2500,2000,2500,2500,5,2500,2500,5,2500,2500,25000,295,4,2,2500,30,2000,100,100,0,0,15,35,45,0,0,0
140,,,2560,2000,2500,2500,2000,2500,2500,5,2500,2500,5,2500,2500,25000,295,4,2,2500,30,2000,100,100,0,0,15,35,45,0,0,0
141,,,2688,2000,2500,2500,2000,2500,2500,5,2500,2500,5,2500,2500,25000,295,4,2,2500,30,2000,100,100,0,0,15,35,45,0,0,0
142,,,2816,2000,2500,2500,2000,2500,2500,5,2500,2500,5,2500,2500,25000,295,4,2,2500,30,2000,100,100,0,0,15,35,45,0,0,0
143,,,2944,2000,2500,2500,2000,2500,2500,5,2500,2500,5,2500,2500,25000,295,4,2,2500,30,2000,100,100,0,0,15,35,45,0,0,0
144,,,3072,2000,2500,2500,2000,2500,2500,5,2500,2500,5,2500,2500,25000,295,4,2,2500,30,2000,100,100,0,0,15,35,45,0,0,0
145,,,3200,2000,2500,2500,2000,2500,2500,5,2500,2500,5,2500,2500,25000,295,4,2,2500,30,2000,100,100,0,0,15,35,45,0,0,0
146,,,3328,2000,2500,2500,2000,2500,2500,5,2500,2500,5,2500,2500,25000,295,4,2,2500,30,2000,100,100,0,0,15,35,45,0,0,0
147,,,3456,2000,2500,2500,2000,2500,2500,5,2500,2500,5,2500,2500,25000,295,4,2,2500,30,2000,100,100,0,0,15,35,45,0,0,0
148,,,3584,2000,2500,2500,2000,2500,2500,5,2500,2500,5,2500,2500,25000,295,4,2,2500,30,2000,100,100,0,0,15,35,45,0,0,0
149,,,3712,2000,2500,2500,2000,2500,2500,5,2500,2500,5,2500,2500,25000,295,4,2,2500,30,2000,100,100,0,0,15,35,45,0,0,0
150,,,3840,2000,2500,2500,2000,2500,2500,5,2500,2500,5,2500,2500,25000,295,4,2,2500,30,2000,100,100,0,0,15,35,45,0,0,0
151,,,3968,2000,2500,2500,2000,2500,2500,5,2500,2500,5,2500,2500,25000,295,4,2,2500,30,2000,100,100,0,0,15,35,45,0,0,0
152,,,4096,2000,2500,2500,2000,2500,2500,5,2500,2500,5,2500,2500,25000,295,4,2,2500,30,2000,100,100,0,0,15,35,45,0,0,0
153,,,4224,2000,2500,2500,2000,2500,2500,5,2500,2500,5,2500,2500,25000,295,4,2,2500,30,2000,100,100,0,0,15,35,45,0,0,0
154,,,4352,2000,2500,2500,2000,2500,2500,5,2500,2500,5,2500,2500,25000,295,4,2,2500,30,2000,100,100,0,0,15,35,45,0,0,0
155,,,4480,2000,2500,2500,2000,2500,2500,5,2500,2500,5,2500,2500,25000,295,4,2,2500,30,2000,100,100,0,0,15,35,45,0,0,0
156,,,4608,2000,2500,2500,2000,2500,2500,5,2500,2500,5,2500,2500,25000,295,4,2,2500,30,2000,100,100,0,0,15,35,45,0,0,0
157,,,4736,2000,2500,2500,2000,2500,2500,5,2500,2500,5,2500,2500,25000,295,4,2,2500,30,2000,100,100,0,0,15,35,45,0,0,0
158,,,4864,2000,2500,2500,2000,2500,2500,5,2500,2500,5,2500,2500,25000,295,4,2,2500,30,2000,100,100,0,0,15,35,45,0,0,0
159,,,4992,2000,2500,2500,2000,2500,2500,5,2500,2500,5,2500,2500,25000,295,4,2,2500,30,2000,100,100,0,0,15,35,45,0,0,0
160,,,5120,2000,2500,2500,2000,2500,2500,5,2500,2500,5,2500,2500,25000,295,4,2,2500,30,2000,100,100,0,0,15,35,45,0,0,0
161,,,5376,2000,2500,2500,2000,2500,2500,5,2500,2500,5,2500,2500,25000,295,4,2,2500,30,2000,100,100,0,0,15,35,45,0,0,0
162,,,5632,2000,2500,2500,2000,2500,2500,5,2500,2500,5,2500,2500,25000,295,4,2,2500,30,2000,100,100,0,0,15,35,45,0,0,0
163,,,5888,2000,2500,2500,2000,2500,2500,5,2500,2500,5,2500,2500,25000,295,4,2,2500,30,2000,100,100,0,0,15,35,45,0,0,0
164,,,6144,2000,2500,2500,2000,2500,2500,5,2500,2500,5,2500,2500,25000,295,4,2,2500,30,2000,100,100,0,0,15,35,45,0,0,0
165,,,6400,2000,2500,2500,2000,2500,2500,5,2500,2500,5,2500,2500,25000,295,4,2,2500,30,2000,100,100,0,0,15,35,45,0,0,0
166,,,6656,2000,2500,2500,2000,2500,2500,5,2500,2500,5,2500,2500,25000,295,4,2,2500,30,2000,100,100,0,0,15,35,45,0,0,0
167,,,6912,2000,2500,2500,2000,2500,2500,5,2500,2500,5,2500,2500,25000,295,4,2,2500,30,2000,100,100,0,0,15,35,45,0,0,0
168,,,7168,2000,2500,2500,2000,2500,2500,5,2500,2500,5,2500,2500,25000,295,4,2,2500,30,2000,100,100,0,0,15,35,45,0,0,0
169,,,7424,2000,2500,2500,2000,2500,2500,5,2500,2500,5,2500,2500,25000,295,4,2,2500,30,2000,100,100,0,0,15,35,45,0,0,0
170,,,7680,2000,2500,2500,2000,2500,2500,5,2500,2500,5,2500,2500,25000,295,4,2,2500,30,2000,100,100,0,0,15,35,45,0,0,0
171,,,7936,2000,2500,2500,2000,2500,2500,5,2500,2500,5,2500,2500,25000,295,4,2,2500,30,2000,100,100,0,0,15,35,45,0,0,0
172,,,8192,2000,2500,2500,2000,2500,2500,5,2500,2500,5,2500,2500,25000,295,4,2,2500,30,2000,100,100,0,0,15,35,45,0,0,0
173,,,8448,2000,2500,2500,2000,2500,2500,5,2500,2500,5,2500,2500,25000,295,4,2,2500,30,2000,100,100,0,0,15,35,45,0,0,0
174,,,8704,2000,2500,2500,2000,2500,2500,5,2500,2500,5,2500,2500,25000,295,4,2,2500,30,2000,100,100,0,0,15,35,45,0,0,0
175,,,8960,2000,2500,2500,2000,2500,2500,5,2500,2500,5,2500,2500,25000,295,4,2,2500,30,2000,100,100,0,0,15,35,45,0,0,0
176,,,9216,2000,2500,2500,2000,2500,2500,5,2500,2500,5,2500,2500,25000,295,4,2,2500,30,2000,100,100,0,0,15,35,45,0,0,0
177,,,9472,2000,2500,2500,2000,2500,2500,5,2500,2500,5,2500,2500,25000,295,4,2,2500,30,2000,100,100,0,0,15,35,45,0,0,0
178,,,9728,2000,2500,2500,2000,2500,2500,5,2500,2500,5,2500,2500,25000,295,4,2,2500,30,2000,100,100,0,0,15,35,45,0,0,0
179,,,9984,2000,2500,2500,2000,2500,2500,5,2500,2500,5,2500,2500,25000,295,4,2,2500,30,2000,100,100,0,0,15,35,45,0,0,0
180,,,10240,2000,2500,2500,2000,2500,2500,5,2500,2500,5,2500,2500,25000,295,4,2,2500,30,2000,100,100,0,0,15,35,45,0,0,0
181,,,10752,2000,2500,2500,2000,2500,2500,5,2500,2500,5,2500,2500,25000,295,4,2,2500,30,2000,100,100,0,0,15,35,45,0,0,0
182,,,11264,2000,2500,2500,2000,2500,2500,5,2500,2500,5,2500,2500,25000,295,4,2,2500,30,2000,100,100,0,0,15,35,45,0,0,0
183,,,11776,2000,2500,2500,2000,2500,2500,5,2500,2500,5,2500,2500,25000,295,4,2,2500,30,2000,100,100,0,0,15,35,45,0,0,0
184,,,12288,2000,2500,2500,2000,2500,2500,5,2500,2500,5,2500,2500,25000,295,4,2,2500,30,2000,100,100,0,0,15,35,45,0,0,0
185,,,12800,2000,2500,2500,2000,2500,2500,5,2500,2500,5,2500,2500,25000,295,4,2,2500,30,2000,100,100,0,0,15,35,45,0,0,0
186,,,13312,2000,2500,2500,2000,2500,2500,5,2500,2500,5,2500,2500,25000,295,4,2,2500,30,2000,100,100,0,0,15,35,45,0,0,0
187,,,13824,2000,2500,2500,2000,2500,2500,5,2500,2500,5,2500,2500,25000,295,4,2,2500,30,2000,100,100,0,0,15,35,45,0,0,0
188,,,14336,2000,2500,2500,2000,2500,2500,5,2500,2500,5,2500,2500,25000,295,4,2,2500,30,2000,100,100,0,0,15,35,45,0,0,0
189,,,14848,2000,2500,2500,2000,2500,2500,5,2500,2500,5,2500,2500,25000,295,4,2,2500,30,2000,100,100,0,0,15,35,45,0,0,0
190,,,15360,2000,2500,2500,2000,2500,2500,5,2500,2500,5,2500,2500,25000,295,4,2,2500,30,2000,100,100,0,0,15,35,45,0,0,0
191,,,15872,2000,2500,2500,2000,2500,2500,5,2500,2500,5,2500,2500,25000,295,4,2,2500,30,2000,100,100,0,0,15,35,45,0,0,0
192,,,16384,2000,2500,2500,2000,2500,2500,5,2500,2500,5,2500,2500,25000,295,4,2,2500,30,2000,100,100,0,0,15,35,45,0,0,0
193,,,16896,2000,2500,2500,2000,2500,2500,5,2500,2500,5,2500,2500,25000,295,4,2,2500,30,2000,100,100,0,0,15,35,45,0,0,0
194,,,17408,2000,2500,2500,2000,2500,2500,5,2500,2500,5,2500,2500,25000,295,4,2,2500,30,2000,100,100,0,0,15,35,45,0,0,0
195,,,17920,2000,2500,2500,2000,2500,2500,5,2500,2500,5,2500,2500,25000,295,4,2,2500,30,2000,100,100,0,0,15,35,45,0,0,0
196,,,18432,2000,2500,2500,2000,2500,2500,5,2500,2500,5,2500,2500,25000,295,4,2,2500,30,2000,100,100,0,0,15,35,45,0,0,0
197,,,18944,2000,2500,2500,2000,2500,2500,5,2500,2500,5,2500,2500,25000,295,4,2,2500,30,2000,100,100,0,0,15,35,45,0,0,0
198,,,19456,2000,2500,2500,2000,2500,2500,5,2500,2500,5,2500,2500,25000,295,4,2,2500,30,2000,100,100,0,0,15,35,45,0,0,0
199,,,19968,2000,2500,2500,2000,2500,2500,5,2500,2500,5,2500,2500,25000,295,4,2,2500,30,2000,100,100,0,0,15,35,45,0,0,0
200,,,20480,2000,2500,2500,2000,2500,2500,5,2500,2500,5,2500,2500,25000,295,4,2,2500,30,2000,100,100,0,0,15,35,45,0,0,0
